Statistic,Value
count,333306.0
mean,10.307171861742663
std,21.2597482156824
min,1.0004166666666667
25%,4.273195833333334
50%,6.490541666666667
75%,10.378770833333334
max,1470.2137833333334
